{"cameraMode":{"drawMode":0,"name":"Shaded","section":"Shading Mode"},"sceneLighting":true,"audioPlay":false,"sceneViewState":{"showFog":true,"showMaterialUpdate":false,"showSkybox":true,"showFlares":true,"showImageEffects":true,"showParticleSystems":true},"in2DMode":false,"pivot":{"x":1.4910390377044678,"y":0.4304490089416504,"z":0.13010716438293458},"rotation":{"x":0.04107505455613136,"y":0.5644645094871521,"z":-0.028141377493739129,"w":0.8239678740501404},"size":2.315032958984375,"orthographic":false}