{"cameraMode":{"drawMode":0,"name":"Shaded","section":"Shading Mode"},"sceneLighting":true,"audioPlay":false,"sceneViewState":{"showFog":true,"showMaterialUpdate":false,"showSkybox":true,"showFlares":true,"showImageEffects":true,"showParticleSystems":true},"in2DMode":false,"pivot":{"x":0.7150684595108032,"y":-0.3029478192329407,"z":-0.08500002324581146},"rotation":{"x":-0.25314003229141238,"y":-0.21598292887210847,"z":0.05857082083821297,"w":-0.9413222074508667},"size":4.046115398406982,"orthographic":false}