{"cameraMode":{"drawMode":0,"name":"Shaded","section":"Shading Mode"},"sceneLighting":false,"audioPlay":false,"sceneViewState":{"showFog":true,"showMaterialUpdate":false,"showSkybox":true,"showFlares":true,"showImageEffects":true,"showParticleSystems":true},"in2DMode":false,"pivot":{"x":0.1399930864572525,"y":0.386374831199646,"z":-0.0176456980407238},"rotation":{"x":0.17468170821666718,"y":-0.04988585039973259,"z":0.008862313814461232,"w":0.9833205342292786},"size":0.2839699685573578,"orthographic":false}